{
    "Version": "2012-10-17",
    "Statement": [
        {
            "Sid": "ListBucketAccess",
            "Effect": "Allow",
            "Action": [
                "s3:ListBucket"
            ],
            "Resource": "arn:aws:s3:::firebase-service-accounts-omripeer"
        },
        {
            "Sid": "ObjectAccess",
            "Effect": "Allow",
            "Action": [
                "s3:GetObject",
                "s3:PutObject",
                "s3:DeleteObject",
                "s3:GetObjectAcl",
                "s3:PutObjectAcl"
            ],
            "Resource": "arn:aws:s3:::firebase-service-accounts-omripeer/*"
        },
        {
            "Sid": "ClientsFolderAccess",
            "Effect": "Allow",
            "Action": [
                "s3:GetObject",
                "s3:PutObject",
                "s3:DeleteObject",
                "s3:GetObjectAcl",
                "s3:PutObjectAcl",
                "s3:ListBucket"
            ],
            "Resource": [
                "arn:aws:s3:::firebase-service-accounts-omripeer/clients/*",
                "arn:aws:s3:::firebase-service-accounts-omripeer"
            ],
            "Condition": {
                "StringLike": {
                    "s3:prefix": "clients/*"
                }
            }
        }
    ]
}
